epoch,train_loss,val_loss,val_roc_auc_score
1,0.522513431166861,0.5724271535873413,0.7971159867953169
2,0.46757181917716156,0.42259299755096436,0.8496958889278096
