{
    "mean_loss": 0.47280579805374146,
    "mean_accuracy": 0.7746455379482902,
    "mean_auprc": 0.49347719960644404,
    "mean_auroc": 0.8477600514499828,
    "std_loss": 0.05162202939391136,
    "std_accuracy": 0.032013654561961195,
    "std_auprc": 0.02724536937185865,
    "std_auroc": 0.011618095037312821
}