{
    "mean_loss": 0.42210739850997925,
    "mean_accuracy": 0.42210739850997925,
    "mean_auprc": 0.42210739850997925,
    "mean_auroc": 0.42210739850997925,
    "std_loss": 0.03235139697790146,
    "std_accuracy": 0.03235139697790146,
    "std_auprc": 0.03235139697790146,
    "std_auroc": 0.03235139697790146
}