{
    "mean_loss": 0.4471336305141449,
    "mean_accuracy": 0.7729774812343619,
    "mean_auprc": 0.5298287259514213,
    "mean_auroc": 0.8674004134045434,
    "std_loss": 0.019554611295461655,
    "std_accuracy": 0.012159664366043413,
    "std_auprc": 0.020971218276316497,
    "std_auroc": 0.0020743522244552697
}