epoch,train_loss,val_loss,val_roc_auc_score
1,0.5247607564505502,0.5292738676071167,0.8222427095458338
2,0.47814427740280635,0.5075615644454956,0.8297108540467043
