{
    "mean_loss": 0.406798779964447,
    "mean_accuracy": 0.8100083402835697,
    "mean_auprc": 0.5168085316729822,
    "mean_auroc": 0.8524305365876638,
    "std_loss": 0.03237997367978096,
    "std_accuracy": 0.020561125011581634,
    "std_auprc": 0.03785935744669482,
    "std_auroc": 0.017539178585300266
}