epoch,train_loss,val_loss,val_roc_auc_score
1,0.5137076406228338,0.574177622795105,0.8336234507728728
2,0.4680089366320959,0.5050185322761536,0.8096133314765817
