epoch,train_loss,val_loss,val_roc_auc_score
1,0.5238994176341569,0.5921945571899414,0.8485853593817373
2,0.4817431747495,0.5163862109184265,0.8500226652072485
