{
    "mean_loss": 0.5055302381515503,
    "mean_accuracy": 0.7734778982485404,
    "mean_auprc": 0.4870726413491672,
    "mean_auroc": 0.8449983428011073,
    "std_loss": 0.08617770671844482,
    "std_accuracy": 0.033066253059853536,
    "std_auprc": 0.047691753671314376,
    "std_auroc": 0.01690944572225827
}

//aa