epoch,train_loss,val_loss,val_roc_auc_score
1,0.6364449863395993,0.5515129566192627,0.7661646700110218
2,0.566656163169278,0.5256834030151367,0.7753530629693344
3,0.5406546113746507,0.5057671070098877,0.7861947486068049
4,0.5241427214609252,0.5002629160881042,0.793647441774225
5,0.5135434745323091,0.49935126304626465,0.8056994818652851
6,0.5012279863631914,0.45079919695854187,0.8134818034796403
