{
    "mean_loss": 0.4023520350456238,
    "mean_accuracy": 0.801000834028357,
    "mean_auprc": 0.5339330851981674,
    "mean_auroc": 0.8584575245619277,
    "std_loss": 0.04578620567917824,
    "std_accuracy": 0.02691005127570996,
    "std_auprc": 0.015922527936760765,
    "std_auroc": 0.010123039015443822
}