{
    "mean_loss": 0.43087926506996155,
    "mean_accuracy": 0.43087926506996155,
    "mean_auprc": 0.43087926506996155,
    "mean_auroc": 0.43087926506996155,
    "std_loss": 0.0733053907752037,
    "std_accuracy": 0.0733053907752037,
    "std_auprc": 0.0733053907752037,
    "std_auroc": 0.0733053907752037
}