epoch,train_loss,val_loss,val_roc_auc_score
1,0.5218670692557156,0.41265591979026794,0.8450368037591073
2,0.47276423261378914,0.4038648009300232,0.8575338357140179
