epoch,train_loss,val_loss,val_roc_auc_score
1,0.7962909954966921,0.6507050395011902,0.6412820705082544
