{
    "mean_loss": 0.45763787627220154,
    "mean_accuracy": 0.7811509591326106,
    "mean_auprc": 0.5267852119068037,
    "mean_auroc": 0.855760130290373,
    "std_loss": 0.02891513891518116,
    "std_accuracy": 0.01911071837340674,
    "std_auprc": 0.0236133197679841,
    "std_auroc": 0.01011360839582872
}