{
    "mean_loss": 0.4263128340244293,
    "mean_accuracy": 0.4263128340244293,
    "mean_auprc": 0.4263128340244293,
    "mean_auroc": 0.4263128340244293,
    "std_loss": 0.022362055256962776,
    "std_accuracy": 0.022362055256962776,
    "std_auprc": 0.022362055256962776,
    "std_auroc": 0.022362055256962776
}