{
    "mean_loss": 0.504856288433075,
    "mean_accuracy": 0.7526271893244371,
    "mean_auprc": 0.5066149431648922,
    "mean_auroc": 0.8518950903471115,
    "std_loss": 0.05042055621743202,
    "std_accuracy": 0.021430471831890424,
    "std_auprc": 0.011297564551076115,
    "std_auroc": 0.011712798134412951
}